id,first_name,last_name,email,gender,position
1,Jennee,Pulteneye,jpulteneye0@opensource.org,Female,Actuary
2,Averell,Armitage,aarmitage1@europa.eu,Male,Research Nurse
3,Norah,Woolvin,nwoolvin2@sakura.ne.jp,Female,Research Nurse
4,Moritz,Grastye,mgrastye3@bigcartel.com,Male,Biostatistician IV
5,Kali,Fones,kfones4@mlb.com,Female,Financial Advisor
6,Gerri,Quidenham,gquidenham5@shutterfly.com,Female,Product Engineer
7,Sibylla,Stanworth,sstanworth6@nifty.com,Female,Financial Advisor
8,Yuri,Ratt,yratt7@cnn.com,Male,Developer II
9,Roland,Josebury,rjosebury8@issuu.com,Male,Web Developer I
10,Umberto,Wilkowski,uwilkowski9@cam.ac.uk,Male,Information Systems Manager
11,Terza,Trueman,ttruemana@posterous.com,Female,Chief Design Engineer
12,Hayyim,Putnam,hputnamb@nytimes.com,Male,Senior Quality Engineer
13,Suzanne,Bolzen,sbolzenc@wisc.edu,Female,Project Manager
14,Corena,Lamperti,clampertid@howstuffworks.com,Female,Information Systems Manager
15,Ives,Cabell,icabelle@github.com,Male,Senior Developer
16,Ad,Josefsen,ajosefsenf@live.com,Male,Software Engineer II
17,Marci,Olifaunt,molifauntg@cafepress.com,Female,Safety Technician I
18,Aron,Leinster,aleinsterh@hostgator.com,Male,Biostatistician I
19,Auguste,Newcom,anewcomi@microsoft.com,Female,Chemical Engineer
20,Bryn,O'Kielt,bokieltj@wikimedia.org,Male,Programmer Analyst II
21,Wallie,Purnell,wpurnellk@engadget.com,Male,Account Representative I
22,Nickey,Hourican,nhouricanl@berkeley.edu,Male,Clinical Specialist
23,Jedd,Hauxwell,jhauxwellm@geocities.com,Male,Community Outreach Specialist
24,Marna,Brimson,mbrimsonn@nydailynews.com,Female,Design Engineer
25,Barb,Kincla,bkinclao@mail.ru,Female,Dental Hygienist
26,Agnes,Haygreen,ahaygreenp@youtube.com,Female,Paralegal
27,Marshal,Dunnett,mdunnettq@hexun.com,Male,Nuclear Power Engineer
28,Darcy,Tebbitt,dtebbittr@thetimes.co.uk,Male,Web Developer I
29,Sly,Starbuck,sstarbucks@reddit.com,Male,Structural Analysis Engineer
30,Jemima,Endley,jendleyt@woothemes.com,Female,Civil Engineer
31,Vincents,McShane,vmcshaneu@statcounter.com,Male,Assistant Manager
32,Stephenie,Nacci,snacciv@networkadvertising.org,Female,Design Engineer
33,Allyson,Shipway,ashipwayw@globo.com,Female,Software Test Engineer I
34,Jonathon,Birkby,jbirkbyx@reddit.com,Male,Recruiter
35,Jethro,Jaszczak,jjaszczaky@elegantthemes.com,Male,Electrical Engineer
36,Neville,Asson,nassonz@feedburner.com,Male,Teacher
37,Orly,Gradley,ogradley10@bbb.org,Female,Assistant Manager
38,Lucienne,Wade,lwade11@theglobeandmail.com,Female,GIS Technical Architect
39,Edita,Bennough,ebennough12@usa.gov,Female,Analyst Programmer
40,Leroi,Stewart,lstewart13@irs.gov,Male,Actuary
41,Stevy,Iacopetti,siacopetti14@mozilla.com,Male,Quality Engineer
42,Gusella,Dunabie,gdunabie15@parallels.com,Female,Statistician III
43,Onfre,Fannon,ofannon16@google.com.hk,Male,Executive Secretary
44,Curry,Tickner,ctickner17@unc.edu,Male,Pharmacist
45,Candice,Lowy,clowy18@kickstarter.com,Female,Systems Administrator III
46,Patti,Trewman,ptrewman19@smugmug.com,Female,Structural Engineer
47,Maridel,Degnen,mdegnen1a@networkadvertising.org,Female,Nurse
48,Lin,Bruinemann,lbruinemann1b@statcounter.com,Male,Speech Pathologist
49,Montague,Waldie,mwaldie1c@vinaora.com,Male,Engineer III
50,Inigo,Premble,ipremble1d@va.gov,Male,Tax Accountant
51,Candra,Dimmack,cdimmack1e@weather.com,Female,Physical Therapy Assistant
52,Marylou,Lavies,mlavies1f@princeton.edu,Female,Media Manager III
53,Jarrod,Hannabuss,jhannabuss1g@surveymonkey.com,Male,Assistant Professor
54,Haydon,Gwillym,hgwillym1h@barnesandnoble.com,Male,Geologist IV
55,Morey,De Winton,mdewinton1i@opera.com,Male,Marketing Manager
56,Saw,Southerton,ssoutherton1j@gmpg.org,Male,Geologist IV
57,Finlay,Van T'Hoog,fvanthoog1k@sourceforge.net,Male,Nurse Practicioner
58,Augustine,Norgate,anorgate1l@uiuc.edu,Male,VP Accounting
59,Charil,Dudin,cdudin1m@123-reg.co.uk,Female,Librarian
60,Drusy,Eckels,deckels1n@fema.gov,Female,Desktop Support Technician
61,Ravi,Jedrachowicz,rjedrachowicz1o@xinhuanet.com,Male,Software Consultant
62,Kimbra,Pigot,kpigot1p@globo.com,Female,Community Outreach Specialist
63,Matias,Linney,mlinney1q@washingtonpost.com,Male,VP Product Management
64,Adda,Farn,afarn1r@pagesperso-orange.fr,Female,Structural Analysis Engineer
65,Millisent,Yvon,myvon1s@nasa.gov,Female,Graphic Designer
66,Erhard,Suffield,esuffield1t@yale.edu,Male,Technical Writer
67,Dario,Cape,dcape1u@fema.gov,Male,Analog Circuit Design manager
68,Willyt,Blum,wblum1v@cam.ac.uk,Female,Director of Sales
69,Benedetta,Taylour,btaylour1w@va.gov,Female,Senior Quality Engineer
70,Allys,Durno,adurno1x@blogtalkradio.com,Female,Junior Executive
71,Merilee,Jimenez,mjimenez1y@quantcast.com,Female,Operator
72,Grant,Auger,gauger1z@shop-pro.jp,Male,Account Coordinator
73,Bobby,Gobert,bgobert20@umn.edu,Female,Sales Representative
74,Willie,Jennery,wjennery21@nhs.uk,Male,Software Engineer I
75,Terese,Maude,tmaude22@abc.net.au,Female,Nuclear Power Engineer
76,North,Roast,nroast23@wsj.com,Male,Product Engineer
77,Thain,Kubacki,tkubacki24@shop-pro.jp,Male,Occupational Therapist
78,Averell,Remon,aremon25@about.com,Male,Statistician IV
79,Allina,Morgan,amorgan26@usgs.gov,Female,Nuclear Power Engineer
80,Cletus,Kilbride,ckilbride27@answers.com,Male,Analyst Programmer
81,Jayme,Gilbank,jgilbank28@com.com,Male,Paralegal
82,Leonhard,Cawtheray,lcawtheray29@nps.gov,Male,Web Designer IV
83,Alvira,Adamoli,aadamoli2a@histats.com,Female,Senior Editor
84,Clo,Gianneschi,cgianneschi2b@deliciousdays.com,Female,Teacher
85,Willow,Gillogley,wgillogley2c@biglobe.ne.jp,Female,Dental Hygienist
86,Lian,Furmston,lfurmston2d@booking.com,Female,Financial Advisor
87,Marietta,Bright,mbright2e@latimes.com,Female,Structural Engineer
88,Jammal,Palfrie,jpalfrie2f@facebook.com,Male,Analog Circuit Design manager
89,Anabella,Bulteel,abulteel2g@biglobe.ne.jp,Female,Developer I
90,Base,Kedge,bkedge2h@webnode.com,Male,Civil Engineer
91,Clive,Payfoot,cpayfoot2i@yelp.com,Male,Recruiter
92,Julita,Norewood,jnorewood2j@epa.gov,Female,Assistant Manager
93,Gawain,Miguel,gmiguel2k@github.io,Male,Research Associate
94,Orin,Ferrara,oferrara2l@last.fm,Male,Sales Associate
95,Alys,Hymer,ahymer2m@foxnews.com,Female,Help Desk Technician
96,Logan,Checchetelli,lchecchetelli2n@quantcast.com,Male,Environmental Tech
97,Diego,Izaks,dizaks2o@loc.gov,Male,Administrative Officer
98,Thibaut,Fall,tfall2p@infoseek.co.jp,Male,Tax Accountant
99,Eunice,Wickardt,ewickardt2q@shutterfly.com,Female,Clinical Specialist
100,Davie,Pipworth,dpipworth2r@cam.ac.uk,Male,Registered Nurse